date,price
2022/1/14,8.7158
2022/1/13,8.737
2022/1/12,8.705
2022/1/11,8.6703
2022/1/10,8.6409
2022/1/7,8.6535
2022/1/6,8.6329
2022/1/5,8.6265
2022/1/4,8.6332
2022/1/3,8.5564
2021/12/31,8.6013
2021/12/30,8.6099
2021/12/29,8.5894
2021/12/28,8.5564
2021/12/27,8.5508
2021/12/24,8.5344
2021/12/23,8.5503
2021/12/22,8.4962
2021/12/21,8.4448
2021/12/20,8.4357
2021/12/17,8.4665
2021/12/16,8.4864
2021/12/15,8.4245
2021/12/14,8.4247
2021/12/13,8.4362
2021/12/10,8.4272
2021/12/9,8.4214
2021/12/8,8.3669
2021/12/7,8.4307
2021/12/6,8.4495
2021/12/3,8.4277
2021/12/2,8.4918
2021/12/1,8.4837
2021/11/30,8.5039
2021/11/29,8.5001
2021/11/26,8.5207
2021/11/25,8.5045
2021/11/24,8.5203
2021/11/23,8.5388
2021/11/22,8.5649
2021/11/19,8.592
2021/11/18,8.6071
2021/11/17,8.5904
2021/11/16,8.5857
2021/11/15,8.5741
2021/11/12,8.5548
2021/11/11,8.5604
2021/11/10,8.6236
2021/11/9,8.6509
2021/11/8,8.6765
2021/11/5,8.6298
2021/11/4,8.6261
2021/11/3,8.7517
2021/11/2,8.7196
2021/11/1,8.7546
2021/10/29,8.7675
2021/10/28,8.8252
2021/10/27,8.7773
2021/10/26,8.7978
2021/10/25,8.7957
2021/10/22,8.7881
2021/10/21,8.8274
2021/10/20,8.8358
2021/10/19,8.8035
2021/10/18,8.8183
2021/10/15,8.8556
2021/10/14,8.8074
2021/10/13,8.7692
2021/10/12,8.7736
2021/10/11,8.7915
2021/10/8,8.7893
2021/10/7,8.7862
2021/10/6,8.7486
2021/10/5,8.7955
2021/10/4,8.7725
2021/10/1,8.7311
2021/9/30,8.7053
2021/9/29,8.6996
2021/9/28,8.7507
2021/9/27,8.8528
2021/9/24,8.84
2021/9/23,8.8724
2021/9/22,8.8266
2021/9/21,8.8235
2021/9/20,8.8509
2021/9/17,8.8931
2021/9/16,8.8953
2021/9/15,8.9032
2021/9/14,8.9174
2021/9/13,8.9328
2021/9/10,8.9236
2021/9/9,8.9339
2021/9/8,8.8834
2021/9/7,8.9079
2021/9/6,8.9267
2021/9/3,8.9486
2021/9/2,8.9235
2021/9/1,8.9057
2021/8/31,8.888
2021/8/30,8.8957
2021/8/27,8.8982
2021/8/26,8.8955
2021/8/25,8.8813
2021/8/24,8.8811
2021/8/23,8.8915
2021/8/20,8.8566
2021/8/19,8.8757
2021/8/18,8.9196
2021/8/17,8.9167
2021/8/16,8.9662
2021/8/13,8.9772
2021/8/12,8.9637
2021/8/11,8.9826
2021/8/10,8.9815
2021/8/9,8.9897
2021/8/6,8.9901
2021/8/5,9.0025
2021/8/4,8.9897
2021/8/3,8.9897
2021/8/2,8.9806
2021/7/30,8.9869
2021/7/29,9.0205
2021/7/28,9.0089
2021/7/27,9.038
2021/7/26,8.962
2021/7/23,8.9191
2021/7/22,8.902
2021/7/21,8.852
2021/7/20,8.8247
2021/7/19,8.8795
2021/7/16,8.9335
2021/7/15,8.9555
2021/7/14,8.9598
2021/7/13,8.9541
2021/7/12,8.9922
2021/7/9,8.9619
2021/7/8,8.9338
2021/7/7,8.9148
2021/7/6,8.9404
2021/7/5,8.9531
2021/7/2,8.9298
2021/7/1,8.9137
2021/6/30,8.9226
2021/6/29,8.9477
2021/6/28,8.965
2021/6/25,8.9823
2021/6/24,8.9987
2021/6/23,9.0406
2021/6/22,9.0245
2021/6/21,9
2021/6/18,8.9066
2021/6/17,8.9848
2021/6/16,9.0213
2021/6/15,9.0275
2021/6/14,9.0365
2021/6/11,9.0324
2021/6/10,9.0441
2021/6/9,9.0196
2021/6/8,9.054
2021/6/7,9.0698
2021/6/4,9.0602
2021/6/3,9.0342
2021/6/2,9.0478
2021/6/1,9.0404
2021/5/31,9.0499
2021/5/28,9.0312
2021/5/27,9.0498
2021/5/26,9.0261
2021/5/25,9.056
2021/5/24,9.0869
2021/5/21,9.1152
2021/5/20,9.1136
2021/5/19,9.1085
2021/5/18,9.119
2021/5/17,9.091
2021/5/14,9.0709
2021/5/13,9.0541
2021/5/12,9.0997
2021/5/11,9.0996
2021/5/10,9.0701
2021/5/7,8.9992
2021/5/6,8.9727
2021/5/5,9.0079
2021/5/4,8.9832
2021/5/3,9.0107
2021/4/30,8.9431
2021/4/29,9.0305
2021/4/28,9.0164
2021/4/27,9.0242
2021/4/26,9.0058
2021/4/23,8.9939
2021/4/22,8.9807
2021/4/21,9.0447
2021/4/20,9.062
2021/4/19,9.1063
2021/4/16,9.0129
2021/4/15,8.9911
2021/4/14,9.0073
2021/4/13,8.9911
2021/4/12,9.0015
2021/4/9,8.9934
2021/4/8,9.0005
2021/4/7,9.0103
2021/4/6,9.0578
2021/4/5,9.1316
2021/4/2,9.08
2021/4/1,9.0813
2021/3/31,9.0282
2021/3/30,9.0178
2021/3/29,9.0567
2021/3/26,9.0222
2021/3/25,8.9835
2021/3/24,8.9524
2021/3/23,8.9865
2021/3/22,9.0072
2021/3/19,9.0163
2021/3/18,9.0678
2021/3/17,9.0229
2021/3/16,9.0281
2021/3/15,9.0197
2021/3/12,9.0281
2021/3/11,9.062
2021/3/10,9.0329
2021/3/9,9.0476
2021/3/8,9.0253
2021/3/5,8.9816
2021/3/4,9.044
2021/3/3,9.0091
2021/3/2,9.0072
2021/3/1,9.0065
2021/2/26,9.0354
2021/2/25,9.1424
2021/2/24,9.1104
2021/2/23,9.1214
2021/2/22,9.0865
2021/2/19,9.0747
2021/2/18,9.0404
2021/2/17,8.9427
2021/2/16,8.9693
2021/2/15,8.9814
2021/2/12,8.9309
2021/2/11,8.9316
2021/2/10,8.9465
2021/2/9,8.8786
2021/2/8,8.8629
2021/2/5,8.8802
2021/2/4,8.8415
2021/2/3,8.8186
2021/2/2,8.8045
2021/2/1,8.8488
2021/1/29,8.8222
2021/1/28,8.8511
2021/1/27,8.8769
2021/1/26,8.8788
2021/1/25,8.8506
2021/1/22,8.858
2021/1/21,8.8746
2021/1/20,8.824
2021/1/19,8.818
2021/1/18,8.8095
2021/1/15,8.8085
2021/1/14,8.8451
2021/1/13,8.8387
2021/1/12,8.8077
2021/1/11,8.739
2021/1/8,8.7747
2021/1/7,8.7805
2021/1/6,8.7751
2021/1/5,8.7682
2021/1/4,8.767
2021/1/1,8.9326
2020/12/31,8.9134
2020/12/30,8.8717
2020/12/29,8.8102
2020/12/28,8.8243
2020/12/25,8.8478
2020/12/24,8.8511
2020/12/23,8.8433
2020/12/22,8.7442
2020/12/21,8.7126
2020/12/18,8.8166
2020/12/17,8.8774
2020/12/16,8.8206
2020/12/15,8.7491
2020/12/14,8.7385
2020/12/11,8.6643
2020/12/10,8.6923
2020/12/9,8.7828
2020/12/8,8.694
2020/12/7,8.6858
2020/12/4,8.81
2020/12/3,8.8228
2020/12/2,8.7464
2020/12/1,8.7773
2020/11/30,8.7941
2020/11/27,8.7834
2020/11/26,8.764
2020/11/25,8.7911
2020/11/24,8.7823
2020/11/23,8.7731
2020/11/20,8.7251
2020/11/19,8.7035
2020/11/18,8.7309
2020/11/17,8.6925
2020/11/16,8.6839
2020/11/13,8.6916
2020/11/12,8.6879
2020/11/11,8.7629
2020/11/10,8.7705
2020/11/9,8.7265
2020/11/6,8.6872
2020/11/5,8.635
2020/11/4,8.6555
2020/11/3,8.7113
2020/11/2,8.6324
2020/10/30,8.6595
2020/10/29,8.6744
2020/10/28,8.7547
2020/10/27,8.7575
2020/10/26,8.7302
2020/10/23,8.7237
2020/10/22,8.7511
2020/10/21,8.7417
2020/10/20,8.6526
2020/10/19,8.6797
2020/10/16,8.6514
2020/10/15,8.6915
2020/10/14,8.7493
2020/10/13,8.7553
2020/10/12,8.8192
2020/10/9,8.7093
2020/10/8,8.7785
2020/10/7,8.7738
2020/10/6,8.7993
2020/10/5,8.8091
2020/10/2,8.788
2020/10/1,8.7566
2020/9/30,8.7818
2020/9/29,8.7658
2020/9/28,8.7572
2020/9/25,8.6678
2020/9/24,8.6913
2020/9/23,8.6853
2020/9/22,8.6365
2020/9/21,8.7036
2020/9/18,8.7683
2020/9/17,8.7617
2020/9/16,8.7786
2020/9/15,8.7198
2020/9/14,8.7739
2020/9/11,8.7369
2020/9/10,8.7956
2020/9/9,8.8939
2020/9/8,8.9237
2020/9/7,8.9914
2020/9/4,9.0324
2020/9/3,9.0787
2020/9/2,9.0897
2020/9/1,9.1682
2020/8/31,9.1549
2020/8/28,9.1639
2020/8/27,9.0951
2020/8/26,9.0779
2020/8/25,9.0705
2020/8/24,9.0417
2020/8/21,9.0592
2020/8/20,9.1002
2020/8/19,9.1253
2020/8/18,9.1551
2020/8/17,9.0799
2020/8/14,9.1073
2020/8/13,9.0865
2020/8/12,9.051
2020/8/11,9.0875
2020/8/10,9.1074
2020/8/7,9.0986
2020/8/6,9.1277
2020/8/5,9.119
2020/8/4,9.107
2020/8/3,9.1051
2020/7/31,9.1654
2020/7/30,9.1285
2020/7/29,9.0847
2020/7/28,9.0521
2020/7/27,9.0138
2020/7/24,8.9754
2020/7/23,8.925
2020/7/22,8.9128
2020/7/21,8.8927
2020/7/20,8.8321
2020/7/17,8.7664
2020/7/16,8.8121
2020/7/15,8.8073
2020/7/14,8.7802
2020/7/13,8.825
2020/7/10,8.8514
2020/7/9,8.8224
2020/7/8,8.8117
2020/7/7,8.8252
2020/7/6,8.7723
2020/7/3,8.8107
2020/7/2,8.8151
2020/7/1,8.8128
2020/6/30,8.7465
2020/6/29,8.6885
2020/6/26,8.7254
2020/6/25,8.7857
2020/6/24,8.7996
2020/6/23,8.8382
2020/6/22,8.7943
2020/6/19,8.7448
2020/6/18,8.8139
2020/6/17,8.8728
2020/6/16,8.9198
2020/6/15,8.9009
2020/6/12,8.8769
2020/6/11,8.9349
2020/6/10,9.0062
2020/6/9,9.0142
2020/6/8,8.9738
2020/6/5,9.0079
2020/6/4,8.9496
2020/6/3,8.9648
2020/6/2,8.9018
2020/6/1,8.8842
2020/5/29,8.8077
2020/5/28,8.8005
2020/5/27,8.7598
2020/5/26,8.8074
2020/5/25,8.7044
2020/5/22,8.686
2020/5/21,8.6975
2020/5/20,8.7071
2020/5/19,8.6916
2020/5/18,8.679
2020/5/15,8.6084
2020/5/14,8.6543
2020/5/13,8.6707
2020/5/12,8.7238
2020/5/11,8.7571
2020/5/8,8.7954
2020/5/7,8.7176
2020/5/6,8.7763
2020/5/5,8.795
2020/5/4,8.7759
2020/5/1,8.8542
2020/4/30,8.8987
2020/4/29,8.7977
2020/4/28,8.8083
2020/4/27,8.8013
2020/4/24,8.7329
2020/4/23,8.757
2020/4/22,8.7296
2020/4/21,8.7009
2020/4/20,8.8106
2020/4/17,8.8399
2020/4/16,8.8023
2020/4/15,8.848
2020/4/14,8.8693
2020/4/13,8.8303
2020/4/10,8.7833
2020/4/9,8.7724
2020/4/8,8.7748
2020/4/7,8.6971
2020/4/6,8.7119
2020/4/3,8.6836
2020/4/2,8.7796
2020/4/1,8.8033
2020/3/31,8.8161
2020/3/30,8.8101
2020/3/27,8.7544
2020/3/26,8.5421
2020/3/25,8.2995
2020/3/24,8.3052
2020/3/23,8.1746
2020/3/20,8.3714
2020/3/19,8.3762
2020/3/18,8.2975
2020/3/17,8.4525
2020/3/16,8.6208
2020/3/13,8.7587
2020/3/12,8.8444
2020/3/11,8.982
2020/3/10,9.0401
2020/3/9,9.1267
2020/3/6,9.0304
2020/3/5,8.9583
2020/3/4,8.8983
2020/3/3,8.9261
2020/3/2,8.9165
2020/2/28,8.9688
2020/2/27,9.0332
2020/2/26,9.0909
2020/2/25,9.1324
2020/2/24,9.0898
2020/2/21,9.1109
2020/2/20,9.046
2020/2/19,9.0616
2020/2/18,9.1101
2020/2/17,9.083
2020/2/14,9.0938
2020/2/13,9.1109
2020/2/12,9.0351
2020/2/11,9.0228
2020/2/10,9.0388
2020/2/7,9.0602
2020/2/6,9.0177
2020/2/5,9.0591
2020/2/4,9.1164
2020/2/3,9.1415
2020/1/31,9.0876
2020/1/30,9.0471
2020/1/29,8.9856
2020/1/28,8.9803
2020/1/27,9.0287
2020/1/24,9.0443
2020/1/23,9.0987
2020/1/22,9.0715
2020/1/21,9.0115
2020/1/20,8.9191
2020/1/17,8.9343
2020/1/16,8.9812
2020/1/15,8.9739
2020/1/14,8.9641
2020/1/13,8.9539
2020/1/10,9.0425
2020/1/9,9.0572
2020/1/8,9.1167
2020/1/7,9.1097
2020/1/6,9.1728
2020/1/3,9.1195
2020/1/2,9.174
2020/1/1,9.2346
2019/12/31,9.2057
2019/12/30,9.1665
2019/12/27,9.1737
2019/12/26,9.088
2019/12/25,8.9694
2019/12/24,9.0769
2019/12/23,9.0784
2019/12/20,9.1507
2019/12/19,9.131
2019/12/18,9.1568
2019/12/17,9.2142
2019/12/16,9.3272
2019/12/13,9.3033
2019/12/12,9.219
2019/12/11,9.2761
2019/12/10,9.2608
2019/12/9,9.2597
2019/12/6,9.2318
2019/12/5,9.2526
2019/12/4,9.2429
2019/12/3,9.1704
2019/12/2,9.0967
2019/11/29,9.0832
2019/11/28,9.0837
2019/11/27,9.0465
2019/11/26,9.0487
2019/11/25,9.0807
2019/11/22,9.0441
2019/11/21,9.0798
2019/11/20,9.0898
2019/11/19,9.0955
2019/11/18,9.098
2019/11/15,9.0485
2019/11/14,9.0236
2019/11/13,9.012
2019/11/12,8.9983
2019/11/11,9.0202
2019/11/8,8.9599
2019/11/7,8.9425
2019/11/6,9.0112
2019/11/5,9.0225
2019/11/4,9.0701
2019/11/1,9.1096
2019/10/31,9.1049
2019/10/30,9.0845
2019/10/29,9.1005
2019/10/28,9.0907
2019/10/25,9.0728
2019/10/24,9.0734
2019/10/23,9.1048
2019/10/22,9.1649
2019/10/21,9.1831
2019/10/18,9.1155
2019/10/17,9.1052
2019/10/16,9.1048
2019/10/15,9.0223
2019/10/14,8.8896
2019/10/11,8.9909
2019/10/10,8.7656
2019/10/9,8.7152
2019/10/8,8.7197
2019/10/7,8.8074
2019/10/4,8.7973
2019/10/3,8.866
2019/10/2,8.7995
2019/10/1,8.7584
2019/9/30,8.7916
2019/9/27,8.7721
2019/9/26,8.8134
2019/9/25,8.8247
2019/9/24,8.8703
2019/9/23,8.8517
2019/9/20,8.8584
2019/9/19,8.8563
2019/9/18,8.8452
2019/9/17,8.8518
2019/9/16,8.7761
2019/9/13,8.8148
2019/9/12,8.732
2019/9/11,8.7733
2019/9/10,8.7856
2019/9/9,8.7985
2019/9/6,8.762
2019/9/5,8.8203
2019/9/4,8.7121
2019/9/3,8.6756
2019/9/2,8.652
2019/8/30,8.7194
2019/8/29,8.7112
2019/8/28,8.7665
2019/8/27,8.8011
2019/8/26,8.7484
2019/8/23,8.7078
2019/8/22,8.6743
2019/8/21,8.5731
2019/8/20,8.5797
2019/8/19,8.557
2019/8/16,8.5554
2019/8/15,8.5212
2019/8/14,8.4731
2019/8/13,8.4963
2019/8/12,8.5203
2019/8/9,8.5357
2019/8/8,8.5514
2019/8/7,8.585
2019/8/6,8.5345
2019/8/5,8.5628
2019/8/2,8.4125
2019/8/1,8.3747
2019/7/31,8.4107
2019/7/30,8.3664
2019/7/29,8.4291
2019/7/26,8.5209
2019/7/25,8.5781
2019/7/24,8.5848
2019/7/23,8.5625
2019/7/22,8.5923
2019/7/19,8.6035
2019/7/18,8.5916
2019/7/17,8.5445
2019/7/16,8.5304
2019/7/15,8.6069
2019/7/12,8.6421
2019/7/11,8.6246
2019/7/10,8.5887
2019/7/9,8.5797
2019/7/8,8.6082
2019/7/5,8.6157
2019/7/4,8.6454
2019/7/3,8.65
2019/7/2,8.6557
2019/7/1,8.6667
2019/6/28,8.7245
2019/6/27,8.7135
2019/6/26,8.7279
2019/6/25,8.7495
2019/6/24,8.7536
2019/6/21,8.7201
2019/6/20,8.6979
2019/6/19,8.7218
2019/6/18,8.6658
2019/6/17,8.6989
2019/6/14,8.7285
2019/6/13,8.7809
2019/6/12,8.8046
2019/6/11,8.792
2019/6/10,8.7898
2019/6/7,8.803
2019/6/6,8.7834
2019/6/5,8.7799
2019/6/4,8.7577
2019/6/3,8.717
2019/5/31,8.7139
2019/5/30,8.7001
2019/5/29,8.7255
2019/5/28,8.7544
2019/5/27,8.743
2019/5/24,8.7539
2019/5/23,8.7557
2019/5/22,8.7428
2019/5/21,8.8073
2019/5/20,8.7998
2019/5/17,8.809
2019/5/16,8.8059
2019/5/15,8.8493
2019/5/14,8.8795
2019/5/13,8.9113
2019/5/10,8.8927
2019/5/9,8.8879
2019/5/8,8.8291
2019/5/7,8.8428
2019/5/6,8.8567
2019/5/3,8.8575
2019/5/2,8.7777
2019/5/1,8.8126
2019/4/30,8.7751
2019/4/29,8.7039
2019/4/26,8.6998
2019/4/25,8.7029
2019/4/24,8.7033
2019/4/23,8.699
2019/4/22,8.712
2019/4/19,8.7181
2019/4/18,8.7243
2019/4/17,8.7242
2019/4/16,8.7609
2019/4/15,8.7913
2019/4/12,8.7888
2019/4/11,8.7846
2019/4/10,8.7881
2019/4/9,8.7582
2019/4/8,8.7586
2019/4/5,8.7297
2019/4/4,8.7801
2019/4/3,8.8244
2019/4/2,8.7608
2019/4/1,8.8054
2019/3/29,8.7479
2019/3/28,8.8167
2019/3/27,8.8929
2019/3/26,8.8824
2019/3/25,8.8769
2019/3/22,8.8611
2019/3/21,8.7629
2019/3/20,8.8326
2019/3/19,8.9044
2019/3/18,8.8776
2019/3/15,8.9113
2019/3/14,8.917
2019/3/13,8.8628
2019/3/12,8.8014
2019/3/11,8.7994
2019/3/8,8.7662
2019/3/7,8.7975
2019/3/6,8.8348
2019/3/5,8.7951
2019/3/4,8.8422
2019/3/1,8.8958
2019/2/28,8.8859
2019/2/27,8.9096
2019/2/26,8.8234
2019/2/25,8.7474
2019/2/22,8.7563
2019/2/21,8.7678
2019/2/20,8.7741
2019/2/19,8.7802
2019/2/18,8.742
2019/2/15,8.681
2019/2/14,8.6553
2019/2/13,8.7187
2019/2/12,8.7225
2019/2/11,8.7451
2019/2/8,8.7287
2019/2/7,8.7511
2019/2/6,8.7412
2019/2/5,8.7312
2019/2/4,8.8228
2019/2/1,8.8212
2019/1/31,8.7908
2019/1/30,8.7743
2019/1/29,8.8775
2019/1/28,8.8891
2019/1/25,8.8791
2019/1/24,8.864
2019/1/23,8.8689
2019/1/22,8.8147
2019/1/21,8.7444
2019/1/18,8.7412
2019/1/17,8.7496
2019/1/16,8.696
2019/1/15,8.6612
2019/1/14,8.7049
2019/1/11,8.6522
2019/1/10,8.6525
2019/1/9,8.7184
2019/1/8,8.7175
2019/1/7,8.7569
2019/1/4,8.7081
2019/1/3,8.6494
2019/1/2,8.6549
2019/1/1,8.7649
2018/12/31,8.8089
2018/12/28,8.724
2018/12/27,8.6937
2018/12/26,8.7466
2018/12/25,8.7283
2018/12/24,8.7708
2018/12/21,8.7346
2018/12/20,8.7046
2018/12/19,8.7299
2018/12/18,8.7269
2018/12/17,8.6961
2018/12/14,8.6691
2018/12/13,8.6884
2018/12/12,8.6975
2018/12/11,8.6656
2018/12/10,8.7409
2018/12/7,8.7558
2018/12/6,8.8078
2018/12/5,8.725
2018/12/4,8.7119
2018/12/3,8.762
2018/11/30,8.8744
2018/11/29,8.8715
2018/11/28,8.8828
2018/11/27,8.8662
2018/11/26,8.9077
2018/11/23,8.9112
2018/11/22,8.9154
2018/11/21,8.8718
2018/11/20,8.9089
2018/11/19,8.9265
2018/11/16,8.9177
2018/11/15,8.8775
2018/11/14,9.0197
2018/11/13,9.0085
2018/11/12,8.9771
2018/11/9,9.0727
2018/11/8,9.0962
2018/11/7,9.1035
2018/11/6,9.0495
2018/11/5,9.0246
2018/11/2,8.9442
2018/11/1,8.9646
2018/10/31,8.9379
2018/10/30,8.8795
2018/10/29,8.9211
2018/10/26,8.9099
2018/10/25,8.909
2018/10/24,8.9569
2018/10/23,9.0099
2018/10/22,9.0182
2018/10/19,9.0318
2018/10/18,9.0712
2018/10/17,9.0984
2018/10/16,9.1274
2018/10/15,9.0937
2018/10/12,9.1047
2018/10/11,9.0875
2018/10/10,9.1391
2018/10/9,9.0754
2018/10/8,9.0481
2018/10/5,8.9912
2018/10/4,8.946
2018/10/3,8.9307
2018/10/2,8.9147
2018/10/1,8.9613
2018/9/28,8.962
2018/9/27,9.0311
2018/9/26,9.0628
2018/9/25,9.0343
2018/9/24,9.0083
2018/9/21,8.9677
2018/9/20,9.0643
2018/9/19,9.0065
2018/9/18,9.0201
2018/9/17,9.0078
2018/9/14,8.984
2018/9/13,8.9683
2018/9/12,8.9358
2018/9/11,8.9321
2018/9/10,8.9312
2018/9/7,8.8614
2018/9/6,8.843
2018/9/5,8.7992
2018/9/4,8.7757
2018/9/3,8.7914
2018/8/31,8.8667
2018/8/30,8.8938
2018/8/29,8.8701
2018/8/28,8.7648
2018/8/27,8.7822
2018/8/24,8.7534
2018/8/23,8.8261
2018/8/22,8.8315
2018/8/21,8.8061
2018/8/20,8.7522
2018/8/17,8.7581
2018/8/16,8.7614
2018/8/15,8.8019
2018/8/14,8.7722
2018/8/13,8.799
2018/8/10,8.7528
2018/8/9,8.7813
2018/8/8,8.8084
2018/8/7,8.8499
2018/8/6,8.8763
2018/8/3,8.8906
2018/8/2,8.9167
2018/8/1,8.9486
2018/7/31,8.94
2018/7/30,8.9596
2018/7/27,8.9394
2018/7/26,8.9307
2018/7/25,8.8983
2018/7/24,8.9259
2018/7/23,8.9059
2018/7/20,8.8736
2018/7/19,8.7981
2018/7/18,8.7718
2018/7/17,8.8373
2018/7/16,8.8542
2018/7/13,8.8446
2018/7/12,8.8189
2018/7/11,8.842
2018/7/10,8.8043
2018/7/9,8.7642
2018/7/6,8.8186
2018/7/5,8.7739
2018/7/4,8.7661
2018/7/3,8.7595
2018/7/2,8.7514
2018/6/29,8.7368
2018/6/28,8.6797
2018/6/27,8.6859
2018/6/26,8.7121
2018/6/25,8.6801
2018/6/22,8.6341
2018/6/21,8.6052
2018/6/20,8.5464
2018/6/19,8.547
2018/6/18,8.5372
2018/6/15,8.5606
2018/6/14,8.546
2018/6/13,8.5559
2018/6/12,8.5781
2018/6/11,8.5662
2018/6/8,8.5864
2018/6/7,8.5848
2018/6/6,8.5716
2018/6/5,8.5558
2018/6/4,8.5282
2018/6/1,8.571
2018/5/31,8.5186
2018/5/30,8.5272
2018/5/29,8.5074
2018/5/28,8.5164
2018/5/25,8.5071
2018/5/24,8.53
2018/5/23,8.5315
2018/5/22,8.5521
2018/5/21,8.566
2018/5/18,8.5985
2018/5/17,8.606
2018/5/16,8.5951
2018/5/15,8.6155
2018/5/14,8.6136
2018/5/11,8.5765
2018/5/10,8.5647
2018/5/9,8.6383
2018/5/8,8.6103
2018/5/7,8.637
2018/5/4,8.6
2018/5/3,8.6096
2018/5/2,8.6549
2018/5/1,8.6154
2018/4/30,8.714
2018/4/27,8.73
2018/4/26,8.8236
2018/4/25,8.8242
2018/4/24,8.8105
2018/4/23,8.8096
2018/4/20,8.8338
2018/4/19,8.9196
2018/4/18,8.9269
2018/4/17,8.9811
2018/4/16,8.9883
2018/4/13,8.9469
2018/4/12,8.9534
2018/4/11,8.9058
2018/4/10,8.8964
2018/4/9,8.9177
2018/4/6,8.8834
2018/4/5,8.8174
2018/4/4,8.8789
2018/4/3,8.8481
2018/4/2,8.8226
2018/3/30,8.817
2018/3/29,8.8255
2018/3/28,8.8845
2018/3/27,8.8922
2018/3/26,8.9338
2018/3/23,8.9388
2018/3/22,8.9211
2018/3/21,8.8986
2018/3/20,8.8786
2018/3/19,8.8891
2018/3/16,8.8081
2018/3/15,8.8359
2018/3/14,8.8051
2018/3/13,8.8362
2018/3/12,8.7939
2018/3/9,8.7891
2018/3/8,8.7898
2018/3/7,8.7742
2018/3/6,8.768
2018/3/5,8.7732
2018/3/2,8.7414
2018/3/1,8.729
2018/2/28,8.7318
2018/2/27,8.7828
2018/2/26,8.8094
2018/2/23,8.8671
2018/2/22,8.8534
2018/2/21,8.8574
2018/2/20,8.8711
2018/2/19,8.8669
2018/2/16,8.9083
2018/2/15,8.9204
2018/2/14,8.8204
2018/2/13,8.8112
2018/2/12,8.7367
2018/2/9,8.6943
2018/2/8,8.8885
2018/2/7,8.7264
2018/2/6,8.712
2018/2/5,8.8219
2018/2/2,8.9037
2018/2/1,8.9561
2018/1/31,8.9253
2018/1/30,8.9334
2018/1/29,8.9256
2018/1/26,8.9601
2018/1/25,9.0397
2018/1/24,9.0515
2018/1/23,8.9772
2018/1/22,8.9288
2018/1/19,8.8742
2018/1/18,8.9088
2018/1/17,8.8823
2018/1/16,8.8705
2018/1/15,8.8729
2018/1/12,8.8391
2018/1/11,8.7953
2018/1/10,8.8073
2018/1/9,8.8264
2018/1/8,8.8097
2018/1/5,8.8006
2018/1/4,8.8013
2018/1/3,8.7783
2018/1/2,8.7984
2018/1/1,8.7787
2017/12/29,8.7931
2017/12/28,8.7834
2017/12/27,8.7923
2017/12/26,8.7449
2017/12/25,8.7651
2017/12/22,8.7956
2017/12/21,8.7962
2017/12/20,8.8227
2017/12/19,8.8211
2017/12/18,8.8674
2017/12/15,8.8107
2017/12/14,8.8558
2017/12/13,8.8488
2017/12/12,8.8316
2017/12/11,8.8466
2017/12/8,8.8807
2017/12/7,8.8765
2017/12/6,8.8539
2017/12/5,8.8978
2017/12/4,8.9326
2017/12/1,8.9161
2017/11/30,8.9541
2017/11/29,8.8664
2017/11/28,8.7647
2017/11/27,8.8095
2017/11/24,8.8077
2017/11/23,8.7595
2017/11/22,8.7778
2017/11/21,8.785
2017/11/20,8.7874
2017/11/17,8.7447
2017/11/16,8.7456
2017/11/15,8.72
2017/11/14,8.7069
2017/11/13,8.7095
2017/11/10,8.7784
2017/11/9,8.704
2017/11/8,8.6775
2017/11/7,8.7077
2017/11/6,8.6923
2017/11/3,8.6804
2017/11/2,8.659
2017/11/1,8.7648
2017/10/31,8.8007
2017/10/30,8.7686
2017/10/27,8.7231
2017/10/26,8.7475
2017/10/25,8.8038
2017/10/24,8.7062
2017/10/23,8.7532
2017/10/20,8.7338
2017/10/19,8.7293
2017/10/18,8.7341
2017/10/17,8.7245
2017/10/16,8.7497
2017/10/13,8.7533
2017/10/12,8.6744
2017/10/11,8.6966
2017/10/10,8.6849
2017/10/9,8.6986
2017/10/6,8.6739
2017/10/5,8.7283
2017/10/4,8.8223
2017/10/3,8.799
2017/10/2,8.8176
2017/9/29,8.9179
2017/9/28,8.9655
2017/9/27,8.9041
2017/9/26,8.9113
2017/9/25,8.9303
2017/9/22,8.9081
2017/9/21,8.9316
2017/9/20,8.9081
2017/9/19,8.8988
2017/9/18,8.8796
2017/9/15,8.8984
2017/9/14,8.7778
2017/9/13,8.6453
2017/9/12,8.675
2017/9/11,8.6035
2017/9/8,8.5526
2017/9/7,8.5049
2017/9/6,8.5333
2017/9/5,8.5161
2017/9/4,8.4565
2017/9/1,8.5064
2017/8/31,8.4884
2017/8/30,8.5151
2017/8/29,8.5355
2017/8/28,8.5378
2017/8/25,8.5607
2017/8/24,8.5315
2017/8/23,8.5205
2017/8/22,8.5555
2017/8/21,8.5997
2017/8/18,8.5658
2017/8/17,8.6031
2017/8/16,8.6094
2017/8/15,8.5956
2017/8/14,8.6593
2017/8/11,8.6492
2017/8/10,8.6327
2017/8/9,8.6816
2017/8/8,8.6915
2017/8/7,8.7522
2017/8/4,8.7712
2017/8/3,8.8315
2017/8/2,8.8971
2017/8/1,8.8737
2017/7/31,8.8636
2017/7/28,8.8402
2017/7/27,8.8198
2017/7/26,8.82
2017/7/25,8.8033
2017/7/24,8.7941
2017/7/21,8.7717
2017/7/20,8.7859
2017/7/19,8.8067
2017/7/18,8.7895
2017/7/17,8.8393
2017/7/14,8.8723
2017/7/13,8.7692
2017/7/12,8.7468
2017/7/11,8.7365
2017/7/10,8.7628
2017/7/7,8.7638
2017/7/6,8.8168
2017/7/5,8.7894
2017/7/4,8.7873
2017/7/3,8.7989
2017/6/30,8.8059
2017/6/29,8.8109
2017/6/28,8.7915
2017/6/27,8.7024
2017/6/26,8.7087
2017/6/23,8.7093
2017/6/22,8.6555
2017/6/21,8.6449
2017/6/20,8.6149
2017/6/19,8.686
2017/6/16,8.7113
2017/6/15,8.6895
2017/6/14,8.684
2017/6/13,8.6531
2017/6/12,8.6077
2017/6/9,8.66
2017/6/8,8.8032
2017/6/7,8.8053
2017/6/6,8.7607
2017/6/5,8.7949
2017/6/2,8.7782
2017/6/1,8.7794
2017/5/31,8.7912
2017/5/30,8.8232
2017/5/29,8.8033
2017/5/26,8.7663
2017/5/25,8.9023
2017/5/24,8.9157
2017/5/23,8.9644
2017/5/22,8.9525
2017/5/19,8.9752
2017/5/18,8.9613
2017/5/17,8.9105
2017/5/16,8.8913
2017/5/15,8.9021
2017/5/12,8.8851
2017/5/11,8.892
2017/5/10,8.9326
2017/5/9,8.9362
2017/5/8,8.9311
2017/5/5,8.9453
2017/5/4,8.8994
2017/5/3,8.9005
2017/5/2,8.9087
2017/5/1,8.9116
2017/4/28,8.9216
2017/4/27,8.9045
2017/4/26,8.8502
2017/4/25,8.8405
2017/4/24,8.8008
2017/4/21,8.8024
2017/4/20,8.8304
2017/4/19,8.8241
2017/4/18,8.7832
2017/4/17,8.6589
2017/4/14,8.6281
2017/4/13,8.6263
2017/4/12,8.6148
2017/4/11,8.6068
2017/4/10,8.5743
2017/4/7,8.5612
2017/4/6,8.6134
2017/4/5,8.5998
2017/4/4,8.5736
2017/4/3,8.5905
2017/3/31,8.6236
2017/3/30,8.6035
2017/3/29,8.5601
2017/3/28,8.6104
2017/3/27,8.6449
2017/3/24,8.5908
2017/3/23,8.616
2017/3/22,8.5775
2017/3/21,8.5881
2017/3/20,8.5446
2017/3/17,8.5406
2017/3/16,8.5167
2017/3/15,8.4435
2017/3/14,8.4044
2017/3/13,8.4569
2017/3/10,8.4048
2017/3/9,8.3934
2017/3/8,8.4065
2017/3/7,8.4141
2017/3/6,8.4546
2017/3/3,8.4425
2017/3/2,8.4555
2017/3/1,8.4744
2017/2/28,8.5626
2017/2/27,8.5523
2017/2/24,8.5936
2017/2/23,8.5911
2017/2/22,8.5689
2017/2/21,8.5596
2017/2/20,8.5772
2017/2/17,8.5288
2017/2/16,8.5622
2017/2/15,8.5563
2017/2/14,8.5605
2017/2/13,8.5944
2017/2/10,8.5823
2017/2/9,8.6044
2017/2/8,8.6008
2017/2/7,8.5231
2017/2/6,8.5363
2017/2/3,8.5885
2017/2/2,8.638
2017/2/1,8.6952
2017/1/31,8.6285
2017/1/30,8.6061
2017/1/27,8.6395
2017/1/26,8.6616
2017/1/25,8.6713
2017/1/24,8.5527
2017/1/23,8.5438
2017/1/20,8.4733
2017/1/19,8.4523
2017/1/18,8.4416
2017/1/17,8.467
2017/1/16,8.3182
